{"cameraMode":{"drawMode":0,"name":"Shaded","section":"Shading Mode"},"sceneLighting":true,"audioPlay":false,"sceneViewState":{"m_AlwaysRefresh":false,"showFog":true,"showSkybox":true,"showFlares":true,"showImageEffects":true,"showParticleSystems":true,"showVisualEffectGraphs":true,"m_FxEnabled":true},"in2DMode":false,"pivot":{"x":21.16611671447754,"y":-0.01728338748216629,"z":25.613399505615236},"rotation":{"x":-0.05893294885754585,"y":0.9291569590568543,"z":-0.16939537227153779,"w":-0.3236163854598999},"size":4.658836364746094,"orthographic":false}